{
  "project_info": {
    "project_number": "386248592560",
    "firebase_url": "https://myapp-1d94e.firebaseio.com",
    "project_id": "myapp-1d94e",
    "storage_bucket": "myapp-1d94e.appspot.com"
  },
  "client": [
    {
      "client_info": {
        "mobilesdk_app_id": "1:386248592560:android:65bd2ac12258458616bf75",
        "android_client_info": {
          "package_name": "com.example.myapplication"
        }
      },
      "oauth_client": [
        {
          "client_id": "386248592560-pmr9k8uasplnqcuviip8fuvuocd5uqvl.apps.googleusercontent.com",
          "client_type": 3
        }
      ],
      "api_key": [
        {
          "current_key": "AIzaSyB8P3dSD0E0P-BPzMa6RpO0ouW78RGUYAU"
        }
      ],
      "services": {
        "appinvite_service": {
          "other_platform_oauth_client": [
            {
              "client_id": "386248592560-pmr9k8uasplnqcuviip8fuvuocd5uqvl.apps.googleusercontent.com",
              "client_type": 3
            }
          ]
        }
      }
    }
  ],
  "configuration_version": "1"
}